Country name,Regional indicator,Ladder score,Standard error of ladder score,upperwhisker,lowerwhisker,Logged GDP per capita,Social support,Healthy life expectancy,Freedom to make life choices,Generosity,Perceptions of corruption,Ladder score in Dystopia,Explained by: Log GDP per capita,Explained by: Social support,Explained by: Healthy life expectancy,Explained by: Freedom to make life choices,Explained by: Generosity,Explained by: Perceptions of corruption,Dystopia + residual
Central African Republic,Sub-Saharan Africa,3.475899935,0.115182951,3.701658487,3.250141382,6.625160217,0.319459856,45.20000076,0.640880644,0.082410358,0.891806662,1.972316742,0.041072082,0,0,0.292814463,0.253513217,0.028264718,2.860197544
Rwanda,Sub-Saharan Africa,3.312299967,0.052425209,3.415053368,3.209546566,7.600104332,0.54083544,61.09884644,0.900589406,0.055483952,0.183541179,1.972316742,0.343242675,0.522876322,0.572383285,0.604087889,0.235704988,0.485542476,0.548444986
Zimbabwe,Sub-Saharan Africa,3.299200058,0.058674462,3.414201975,3.184198141,7.865711689,0.763092756,55.61725998,0.711457908,-0.072063953,0.81023699,1.972316742,0.425564021,1.047835231,0.375037611,0.37740472,0.151349187,0.080928579,0.841031075
South Sudan,Sub-Saharan Africa,2.816600084,0.107610404,3.027516365,2.605683804,7.425359726,0.553707123,51,0.451313615,0.016518548,0.763417304,1.972316742,0.289082974,0.553278506,0.208809033,0.065609254,0.209934607,0.111156799,1.378751278
Afghanistan,South Asia,2.566900015,0.031311426,2.628270388,2.505529642,7.462860584,0.470366955,52.59000015,0.396573007,-0.0964294,0.933686554,1.972316742,0.30070585,0.356433839,0.266051531,0,0.135234714,0.001225785,1.507235646
